{
  "gizmos-infos": {
    "is2D": false,
    "is3DIcon": false,
    "iconSize": 2,
    "gridVisible": true,
    "gridColor": [
      150,
      150,
      150,
      255
    ],
    "isIconGizmo3D": false,
    "iconGizmoSize": 2,
    "isGridVisible": true
  },
  "camera-infos": {
    "f46876e4-e81b-4931-b493-6d367be385e7": {
      "position": {
        "x": 1.1637173020978766,
        "y": 0.9932328205613382,
        "z": 1.8509572036735744
      },
      "rotation": {
        "x": -0.2393118599216532,
        "y": 0.2102710060653529,
        "z": 0.053169798711705435,
        "w": 0.9464084267450602
      },
      "viewCenter": {
        "x": 0.04604877038355726,
        "y": -0.43276814694239174,
        "z": -0.5401384225810422
      }
    }
  },
  "camera-uuids": [
    "f46876e4-e81b-4931-b493-6d367be385e7"
  ]
}
