{
  "gizmos-infos": {
    "is2D": false,
    "is3DIcon": false,
    "iconSize": 2,
    "gridVisible": true,
    "gridColor": [
      150,
      150,
      150,
      255
    ],
    "isIconGizmo3D": false,
    "iconGizmoSize": 2,
    "isGridVisible": true
  },
  "camera-infos": {
    "f46876e4-e81b-4931-b493-6d367be385e7": {
      "position": {
        "x": 480,
        "y": 320.00000000000006,
        "z": 5000
      },
      "rotation": {
        "x": 0,
        "y": 0,
        "z": 0,
        "w": 1
      },
      "viewCenter": {
        "x": 0,
        "y": 0,
        "z": 0
      }
    },
    "8da6bb0a-5b83-46e5-b5fb-8b73a7d14d08": {
      "position": {
        "x": 497.3114274947552,
        "y": 369.58542082808947,
        "z": 5000
      },
      "rotation": {
        "x": 0,
        "y": 0,
        "z": 0,
        "w": 1
      },
      "viewCenter": {
        "x": 480,
        "y": 320,
        "z": 0
      }
    },
    "63cb384f-d57e-4228-9cad-71ed51da6eb1": {
      "position": {
        "x": 1.0137779795222526,
        "y": 1.0137779795222621,
        "z": 1.0137779795222743
      },
      "rotation": {
        "x": -0.27896733650691674,
        "y": 0.364820726287624,
        "z": 0.11555196635134135,
        "w": 0.8807558151414872
      },
      "viewCenter": {
        "x": -0.001431482587457511,
        "y": 0.002870142904328743,
        "z": -0.0014325745994248074
      }
    },
    "9cfe2cef-4b0f-45cb-a3e2-784407b29795": {
      "position": {
        "x": 2.9074868501519933,
        "y": 2.9074868501520026,
        "z": 2.9074868501520146
      },
      "rotation": {
        "x": -0.15115403536393565,
        "y": 0.29634574303373695,
        "z": 0.04756094822780757,
        "w": 0.9418436876041313
      },
      "viewCenter": {
        "x": 0.1687313157894339,
        "y": 1.3316689055782516,
        "z": -1.0137949677435913
      }
    }
  },
  "camera-uuids": [
    "9cfe2cef-4b0f-45cb-a3e2-784407b29795"
  ],
  "float-window": {
    "position": {
      "cc": {
        "Camera": {
          "dock": false,
          "top": null,
          "bottom": 10,
          "left": null,
          "right": 10
        }
      }
    }
  }
}
