{
  "gizmos-infos": {
    "is2D": false,
    "is3DIcon": false,
    "iconSize": 2,
    "gridVisible": true,
    "gridColor": [
      150,
      150,
      150,
      255
    ],
    "isIconGizmo3D": false,
    "iconGizmoSize": 2,
    "isGridVisible": true
  },
  "camera-infos": {
    "f46876e4-e81b-4931-b493-6d367be385e7": {
      "position": {
        "x": -30.382885230115335,
        "y": 28.229323901048733,
        "z": 1.7044290487982001
      },
      "rotation": {
        "x": -0.2570189074386937,
        "y": -0.6511144795245691,
        "z": -0.25022607872582786,
        "w": 0.6688633083806891
      },
      "viewCenter": {
        "x": 7.994861713260837,
        "y": -6.389427792129907,
        "z": 0.6714365779418562
      }
    }
  },
  "camera-uuids": [
    "f46876e4-e81b-4931-b493-6d367be385e7"
  ]
}
